[{
	"id":1,
	"text":"接口1基本信息",
	"children":[{
		"id":11,
		"text":"接口一",
		"state":"closed",
		"children":[{
			"id":111,
			"text":"子集接口1"
		},{
			"id":112,
			"text":"子集接2口"
		},{
			"id":113,
			"text":"子集接3口"
		}]
	}]
},{
	"id":2,
	"text":"接口2基本信息",
	"children":[{
		"id":11,
		"text":"接口一",
		"state":"closed",
		"children":[{
			"id":111,
			"text":"子集接口1"
		},{
			"id":112,
			"text":"子集接2口"
		},{
			"id":113,
			"text":"子集接3口"
		}]
	}]
}]