[{
	"id":1,
	"text":"交易链路一",
	"children":[{
		"id":11,
		"text":"交易链路场景1"
		
	},{
		"id":12,
		"text":"交易链路场景2"
		
	},{
		"id":13,
		"text":"交易链路场景3"
		
	},{
		"id":14,
		"text":"交易链路场景4"
		
	}]
},{
	"id":2,
	"text":"交易链路二",
	"children":[{
		"id":21,
		"text":"交易链路场景2"
		
	},{
		"id":22,
		"text":"交易链路场景3"
		
	},{
		"id":23,
		"text":"交易链路场景4"
		
	},{
		"id":24,
		"text":"交易链路场景5"
		
	}]
}]