<?xml version="1.0" encoding="UTF-8"?>
<beans xmlns="http://www.springframework.org/schema/beans"
       xmlns:xsi="http://www.w3.org/2001/XMLSchema-instance" xmlns:mvc="http://www.springframework.org/schema/mvc"
       xmlns:context="http://www.springframework.org/schema/context"
       xsi:schemaLocation="http://www.springframework.org/schema/beans
						http://www.springframework.org/schema/beans/spring-beans-3.1.xsd
						http://www.springframework.org/schema/mvc
						http://www.springframework.org/schema/mvc/spring-mvc-3.1.xsd
						http://www.springframework.org/schema/context
						http://www.springframework.org/schema/context/spring-context-3.1.xsd">
    <context:property-placeholder location="classpath:config/application.properties"/>

    <context:component-scan base-package="com.dc.esb.servicegov.controller"/>
    <bean
            class="org.springframework.web.servlet.mvc.annotation.DefaultAnnotationHandlerMapping"/>

    <mvc:resources mapping="/js/**" location="/js/"/>
    <mvc:resources mapping="/css/**" location="/css/"/>
    <mvc:resources mapping="/img/**" location="/image/"/>
    <!--<mvc:resources mapping="/uploadify/**" location="/uploadify/" />-->

    <mvc:annotation-driven/>

    <!-- Required for security annotations to work in this servlet -->
    <bean class="org.springframework.aop.framework.autoproxy.DefaultAdvisorAutoProxyCreator"/>
    <bean class="org.apache.shiro.spring.security.interceptor.AuthorizationAttributeSourceAdvisor"/>


    <!-- Enable annotation-based controllers using @Controller annotations -->
    <bean id="annotationUrlMapping"
          class="org.springframework.web.servlet.mvc.annotation.DefaultAnnotationHandlerMapping">
        <!--<property name="interceptors" ref="currentUserInterceptor"/>-->
    </bean>

    <bean id="viewResolver" class="org.springframework.web.servlet.view.UrlBasedViewResolver">
        <property name="viewClass" value="org.springframework.web.servlet.view.JstlView"/>
        <property name="prefix" value="/jsp/"/>
        <property name="suffix" value=".jsp"/>
    </bean>

    <bean id="stringHttpMessageConverter"
          class="org.springframework.http.converter.StringHttpMessageConverter"/>

    <bean id="jacksonHttpMessageConverter"
          class="org.springframework.http.converter.json.MappingJacksonHttpMessageConverter"/>

    <bean
            class="org.springframework.web.servlet.mvc.annotation.AnnotationMethodHandlerAdapter">
        <property name="messageConverters">
            <list>
                <ref bean="stringHttpMessageConverter"/>
                <ref bean="jacksonHttpMessageConverter"/>
            </list>
        </property>
        <!--
        <property name="webBindingInitializer">
             <bean class="org.zju.electric_factory.util.SpringMVCDateConverter"/>
        </property>
         -->
    </bean>

    <mvc:default-servlet-handler/>
</beans>